{
  "project_info": {
    "project_number": "791082374637",
    "firebase_url": "https://projectneedy-c96b8.firebaseio.com",
    "project_id": "projectneedy-c96b8",
    "storage_bucket": "projectneedy-c96b8.appspot.com"
  },
  "client": [
    {
      "client_info": {
        "mobilesdk_app_id": "1:791082374637:android:d13fc2e2ee7dbd511443e4",
        "android_client_info": {
          "package_name": "com.example.projectn"
        }
      },
      "oauth_client": [
        {
          "client_id": "791082374637-r8sjrd9pk33mkiim9dtuokasd9n8mpe7.apps.googleusercontent.com",
          "client_type": 1,
          "android_info": {
            "package_name": "com.example.projectn",
            "certificate_hash": "e2958baaa4a0b106a7cf05d0e93479f2fa341cfb"
          }
        },
        {
          "client_id": "791082374637-p88sn83n7pshthtetad2j203h84a1kd6.apps.googleusercontent.com",
          "client_type": 3
        }
      ],
      "api_key": [
        {
          "current_key": "AIzaSyApbp25_ezRFOVf4_nRfnvBEcCVZ-PX20A"
        }
      ],
      "services": {
        "appinvite_service": {
          "other_platform_oauth_client": [
            {
              "client_id": "791082374637-p88sn83n7pshthtetad2j203h84a1kd6.apps.googleusercontent.com",
              "client_type": 3
            }
          ]
        }
      }
    }
  ],
  "configuration_version": "1"
}